id;mil_locationname;mil_type;mil_activity;mil_activitycode;kvk_businessnumber;kvk_activitycode;kvk_activity;bag_number;bag_usage;vest_name;vest_activity;vest_activitycode;vest_employeescode;woz_number;woz_usage;woz_size_normalized;longitude;latitude
1;Bedrijf 1;Type B;471;Supermarkten, warenhuizen;kvk-1;4711;Supermarkten en dergelijke winkels met een algemeen assortiment voedings- en genotmiddelen;bag-1;winkelfunctie;Bedrijf 1;Supermarkten en dergelijke winkels met een algemeen assort.;4711;6;woz-1;Supermarkt/warenhuis;2255;5.449275304;51.4453518
2;Bedrijf 2;Type B;5221.1;Autoparkeerterreinen, parkeergarages;kvk-2;6831;Bemiddeling bij handel, huur of verhuur van onroerend goed;bag-2;kantoorfunctie;Bedrijf 2;Ingenieurs en overig technisch ontwerp en advies;7112;7;woz-2;Kantoor;1564;5.509236332;51.42868233
3;Bedrijf 3;niet Wm;NA;NA;kvk-3;78201;Uitzendbureaus;bag-3;kantoorfunctie;Bedrijf 3;Uitzendbureaus;78201;3;woz-3;Cafe/bar/restaurant;90;5.527106665;51.4398707
4;Bedrijf 4;Type B;451, 452, 454;Handel in autos en motorfietsen, reparatie- en servicebedrijven;kvk-4;6420;Financiële holdings;bag-4;industriefunctie;Bedrijf 4;Reparatie van specifieke auto-onderdelen;45203;3;woz-4;opslag/distributie;550;5.457610611;51.44861416
5;Bedrijf 5;Type B;471;Supermarkten, warenhuizen;kvk-5;4711;Supermarkten en dergelijke winkels met een algemeen assortiment voedings- en genotmiddelen;bag-5;winkelfunctie;Bedrijf 5;Supermarkten en dergelijke winkels met een algemeen assort.;4711;5;woz-5;Supermarkt/warenhuis;1549;5.485921254;51.47496654
6;Bedrijf 6;Type B;561;Restaurants, cafetarias, snackbars, ijssalons met eigen ijsbereiding, viskramen e.d.;kvk-6;56101;Restaurants;bag-6;bijeenkomstfunctie;Bedrijf 6;Niet-gespecialiseerde groothandel in consumentenartikelen;46901;3;woz-6;Horeca in winkelpand;90;5.455735404;51.47271684
7;Bedrijf 7;Type B;561;Restaurants, cafetarias, snackbars, ijssalons met eigen ijsbereiding, viskramen e.d.;kvk-7;5630;Cafés;bag-7;winkelfunctie;Bedrijf 7;Cafés;5630;4;woz-7;Horeca in winkelpand;190;5.459298781;51.40770979
8;Bedrijf 8;Type B;561;Restaurants, cafetarias, snackbars, ijssalons met eigen ijsbereiding, viskramen e.d.;kvk-8;56101;Restaurants;bag-8;winkelfunctie;Bedrijf 8;Restaurants;56101;3;woz-8;Winkel;195;5.452874772;51.47080065
9;Bedrijf 9;Type B;561;Restaurants, cafetarias, snackbars, ijssalons met eigen ijsbereiding, viskramen e.d.;kvk-9;56101;Restaurants;bag-9;bijeenkomstfunctie;Bedrijf 9;Restaurants;56101;3;woz-9;Horeca in winkelpand;161;5.484431636;51.46683387
10;Bedrijf 10;Type B;852, 8531;Scholen voor basis- en algemeen voortgezet onderwijs;kvk-10;94997;Overige belangenbehartiging n.e.g.;bag-10;kantoorfunctie, onderwijsfunctie, sportfunctie;Bedrijf 10;Studiebegeleiding, vorming en onderwijs (rest);85599;8;woz-10;overig onderwijs;0;5.453042789;51.45092664
11;Bedrijf 11;Type B;466, 469;Overige grth (bedrijfsmeubels, emballage, vakbenodigdheden e.d.;kvk-11;43222;Installatie van verwarmings- en luchtbehandelingsapparatuur;bag-11;industriefunctie;Bedrijf 11;Installatie van verwarmings- en luchtbehandelingsapparatuur;43222;4;woz-11;Productie (fabriek);200;5.477855834;51.44101832
12;Bedrijf 12;niet Wm;NA;NA;kvk-12;NA;NA;bag-12;woonfunctie;Bedrijf 12;NA;NA;NA;woz-12;Onbekend;0;5.461897513;51.44347508
13;Bedrijf 13;Type B;941, 942;Bedrijfs- en werknemersorganisaties (kantoren);kvk-13;9492;Politieke organisaties;bag-13;kantoorfunctie;Bedrijf 13;Algemeen overheidsbestuur;8411;6;woz-13;Kantoor;15984;5.524293342;51.44571409
14;Bedrijf 14;Type B;84.A;Openbaar bestuur (kantoren e.d.);kvk-14;68204;Verhuur van onroerend goed (niet van woonruimte);bag-14;kantoorfunctie;Bedrijf 14;Algemeen overheidsbestuur;8411;10;woz-14;Kantoor;11187;5.415841433;51.48265816
15;Bedrijf 15;Type B;563.1;Cafés, bars;kvk-15;5630;Cafés;bag-15;bijeenkomstfunctie;Bedrijf 15;Cafés;5630;2;woz-15;Bar/dancing;899;5.485286108;51.42166949
16;Bedrijf 16;Type B;561;Restaurants, cafetarias, snackbars, ijssalons met eigen ijsbereiding, viskramen e.d.;kvk-16;56102;Cafetarias, lunchrooms, snackbars, eetkramen e.d.;bag-16;winkelfunctie;Bedrijf 16;Restaurants;56101;2;woz-16;Winkel;53;5.393598627;51.45866522
17;Bedrijf 17;Type A;9200;Casinos;kvk-17;NA;NA;bag-17;bijeenkomstfunctie;Bedrijf 17;Exploitatie van amusements- en speelautomaten;92009;5;woz-17;Horeca in winkelpand;624;5.417225932;51.43936691
18;Bedrijf 18;Type B;451, 452, 454;Handel in autos en motorfietsen, reparatie- en servicebedrijven;kvk-18;45112;Handel in en reparatie van personenautos en lichte bedrijfsautos (geen import van nieuwe);bag-18;industriefunctie;Bedrijf 18;Handel in en reparatie van personenautos en bedrijfsautos;45112;2;woz-18;Onderhoud/reparatie;601;5.489967819;51.42555049
19;Bedrijf 19;niet Wm;NA;NA;kvk-19;NA;NA;bag-19;woonfunctie;Bedrijf 19;NA;NA;NA;woz-19;Onbekend;0;5.44460452;51.47807904
20;Bedrijf 20;Type B;931.Fa;Tennisbanen (met verlichting);kvk-20;5629;Kantines en contractcatering;bag-20;sportfunctie;Bedrijf 20;Kantines en contractcatering;5629;3;woz-20;Tennisbaan;0;5.447111504;51.433752
21;Bedrijf 21;Type B;25;vorkheftrucks, elektrisch;kvk-21;53202;Koeriers;bag-21;industriefunctie;Bedrijf 21;Reclamebureaus;7311;1;woz-21;opslag/distributie;477;5.490802978;51.441804
22;Bedrijf 22;Type B;561;Restaurants, cafetarias, snackbars, ijssalons met eigen ijsbereiding, viskramen e.d.;kvk-22;NA;NA;bag-22;bijeenkomstfunctie;Bedrijf 22;Restaurants;56101;4;woz-22;Cafe/bar/restaurant;1612;5.459973245;51.4812566
23;Bedrijf 23;Type B;931.Ga;Veldsportcomplex (met verlichting);kvk-23;93124;Tennis;bag-23;bijeenkomstfunctie;Bedrijf 23;NA;NA;NA;woz-23;Kantine;0;5.487864767;51.45471061
24;Bedrijf 24;Type B;931.Ga;Veldsportcomplex (met verlichting);kvk-24;93121;Veldvoetbal;bag-24;bijeenkomstfunctie;Bedrijf 24;Praktijken van fysiotherapeuten;86912;3;woz-24;Clubhuis;0;5.42278379;51.48390971
25;Bedrijf 25;Type B;563.1;Cafés, bars;kvk-25;NA;NA;bag-25;bijeenkomstfunctie;Bedrijf 25;NA;NA;NA;woz-25;Bar/dancing;184;5.489275084;51.42410906
26;Bedrijf 26;Type B;561;Restaurants, cafetarias, snackbars, ijssalons met eigen ijsbereiding, viskramen e.d.;kvk-26;5630;Cafés;bag-26;bijeenkomstfunctie;Bedrijf 26;Cafés;5630;2;woz-26;Cafe/bar/restaurant;100;5.463297055;51.45180296
27;Bedrijf 27;Type B;561;Restaurants, cafetarias, snackbars, ijssalons met eigen ijsbereiding, viskramen e.d.;kvk-27;94991;Gezelligheidsverenigingen;bag-27;kantoorfunctie;Bedrijf 27;NA;NA;NA;woz-27;(solitair) Kantoor;360;5.48215965;51.43618578
28;Bedrijf 28;Type B;561;Restaurants, cafetarias, snackbars, ijssalons met eigen ijsbereiding, viskramen e.d.;kvk-28;56102;Cafetarias, lunchrooms, snackbars, eetkramen e.d.;bag-28;bijeenkomstfunctie;Bedrijf 28;Cafetarias, lunchrooms, snackbars, ijssalons, eetkramen e.d;56102;4;woz-28;Bar/dancing;203;5.40163058;51.45355044
29;Bedrijf 29;Type A;9491;Kerkgebouwen e.d.;kvk-29;88992;Maatschappelijk werk;bag-29;bijeenkomstfunctie;Bedrijf 29;Religieuze organisaties;94911;3;woz-29;Overige religieuze gebouwen;0;5.4790113;51.43601357
30;Bedrijf 30;Type B;561;Restaurants, cafetarias, snackbars, ijssalons met eigen ijsbereiding, viskramen e.d.;kvk-30;NA;NA;bag-30;bijeenkomstfunctie;Bedrijf 30;Cafetarias, lunchrooms, snackbars, ijssalons, eetkramen e.d;56102;4;woz-30;Cafetaria/snackbar;270;5.421228513;51.47825016
31;Bedrijf 31;Type B;563.1;Cafés, bars;kvk-31;5630;Cafés;bag-31;bijeenkomstfunctie;Bedrijf 31;Cafés;5630;3;woz-31;Cafe/bar/restaurant;145;5.472481352;51.45123966
32;Bedrijf 32;Type B;563.1;Cafés, bars;kvk-32;5630;Cafés;bag-32;bijeenkomstfunctie;Bedrijf 32;Cafés;5630;3;woz-32;Cafe/bar/restaurant;393;5.474926706;51.46812628
33;Bedrijf 33;Type B;563.1;Cafés, bars;kvk-33;5630;Cafés;bag-33;bijeenkomstfunctie;Bedrijf 33;Cafés;5630;3;woz-33;Cafe/bar/restaurant;162;5.49436151;51.47020876
34;Bedrijf 34;Type B;561;Restaurants, cafetarias, snackbars, ijssalons met eigen ijsbereiding, viskramen e.d.;kvk-34;NA;NA;bag-34;woonfunctie, bijeenkomstfunctie;Bedrijf 34;NA;NA;NA;woz-34;Cafe/bar/restaurant;160;5.450502138;51.41102959
35;Bedrijf 35;Type B;561;Restaurants, cafetarias, snackbars, ijssalons met eigen ijsbereiding, viskramen e.d.;kvk-35;56102;Cafetarias, lunchrooms, snackbars, eetkramen e.d.;bag-35;bijeenkomstfunctie;Bedrijf 35;Cafetarias, lunchrooms, snackbars, ijssalons, eetkramen e.d;56102;2;woz-35;Cafe/bar/restaurant;154;5.474834656;51.47096115
36;Bedrijf 36;niet Wm;NA;NA;kvk-36;NA;NA;bag-36;industriefunctie;Bedrijf 36;NA;NA;NA;woz-36;bedrijven;200;5.461953068;51.42395213
37;Bedrijf 37;Type B;451, 452, 454;Handel in autos en motorfietsen, reparatie- en servicebedrijven;kvk-37;53202;Koeriers;bag-37;industriefunctie, kantoorfunctie;Bedrijf 37;NA;NA;NA;woz-37;bedrijven;192;5.524301421;51.45260628
38;Bedrijf 38;niet Wm;NA;NA;kvk-38;NA;NA;bag-38;woonfunctie;Bedrijf 38;NA;NA;NA;woz-38;Onbekend;0;5.481022426;51.44410949
39;Bedrijf 39;Type B;561;Restaurants, cafetarias, snackbars, ijssalons met eigen ijsbereiding, viskramen e.d.;kvk-39;56101;Restaurants;bag-39;bijeenkomstfunctie;Bedrijf 39;Restaurants;56101;3;woz-39;Cafe/bar/restaurant;210;5.439798748;51.47705953
40;Bedrijf 40;Type B;162;Timmerwerkfabrieken, vervaardiging overige artikelen van hout;kvk-40;4110;Projectontwikkeling;bag-40;industriefunctie;Bedrijf 40;NA;NA;NA;woz-40;opslag/distributie;981;5.480336384;51.4175075
41;Bedrijf 41;Type A;941, 942;Bedrijfs- en werknemersorganisaties (kantoren);kvk-41;6420;Financiële holdings;bag-41;kantoorfunctie;Bedrijf 41;Deurwaarderskantoren;69104;8;woz-41;Kantoor;1892;5.431674045;51.42128559
42;Bedrijf 42;Type A;261, 263, 264, 331;Vervaardiging van audio-, video- en telecom-apparatuur e.d. incl. reparatie;kvk-42;6420;Financiële holdings;bag-42;industriefunctie;Bedrijf 42;Organisatie-adviesbureaus;70221;5;woz-42;Productie (fabriek);1095;5.457229253;51.44818407
43;Bedrijf 43;Type B;2562, 3311.1;Overige metaalbewerkende industrie;kvk-43;2562;Algemene metaalbewerking;bag-43;industriefunctie;Bedrijf 43;NA;NA;NA;woz-43;Productie (fabriek);880;5.443914341;51.47633074
44;Bedrijf 44;niet Wm;NA;NA;kvk-44;93141;Individuele zaalsport;bag-44;industriefunctie;Bedrijf 44;NA;NA;NA;woz-44;opslag/distributie;298;5.433194767;51.42833425
45;Bedrijf 45;Type A;9609.B;Persoonlijke dienstverlening n.e.g.;kvk-45;46742;Groothandel in verwarmingsapparaten;bag-45;industriefunctie;Bedrijf 45;NA;NA;NA;woz-45;opslag/distributie;285;5.439024412;51.43728747
46;Bedrijf 46;Type B;259, 331.Bb;"Overige metaalwarenfabrieken n.e.g.; inpandig, p.o. <200 m2";kvk-46;2572;Vervaardiging van hang- en sluitwerk;bag-46;industriefunctie, kantoorfunctie;Bedrijf 46;Vervaardiging van hang- en sluitwerk;2572;4;woz-46;opslag/distributie;684;5.431172572;51.42241701
47;Bedrijf 47;Type A;25;vorkheftrucks, elektrisch;kvk-47;6420;Financiële holdings;bag-47;industriefunctie;Bedrijf 47;Afwerking van vloeren en wanden;4333;3;woz-47;opslag/distributie;683;5.524301421;51.45260628
48;Bedrijf 48;Type B;451, 452, 454;Handel in autos en motorfietsen, reparatie- en servicebedrijven;kvk-48;45192;Handel in en reparatie van zwaardere bedrijfsautos (geen import van nieuwe);bag-48;industriefunctie, winkelfunctie;Bedrijf 48;Handel in en reparatie van zwaardere bedrijfsautos;45192;6;woz-48;bedrijven;4173;5.479504337;51.44409975
49;Bedrijf 49;Type A;NA;NA;kvk-49;5629;Kantines en contractcatering;bag-49;sportfunctie;Bedrijf 49;Sporthallen, sportzalen en gymzalen;93112;2;woz-49;Sporthal/sportzaal;0;5.458638808;51.4583709
50;Bedrijf 50;niet Wm;493b;Taxibedrijven, taxistandplaatsen;kvk-50;NA;NA;bag-50;woonfunctie;Bedrijf 50;Vervoer per taxi;4932;2;woz-50;Onbekend;0;5.430522359;51.42494017
51;Bedrijf 51;niet Wm;45204.C;Autospuitinrichtingen;kvk-51;NA;NA;bag-51;industriefunctie;Bedrijf 51;NA;NA;NA;woz-51;Productie (fabriek);154;5.492908573;51.43848791
52;Bedrijf 52;Type B;85521;Dansscholen;kvk-52;85521;Dansscholen;bag-52;industriefunctie;Bedrijf 52;Dansscholen;85521;3;woz-52;bedrijven;398;5.478677993;51.43719173
53;Bedrijf 53;Type A;952;Reparatie t.b.v. particulieren (excl. autos en motorfietsen);kvk-53;6420;Financiële holdings;bag-53;industriefunctie;Bedrijf 53;Installatie van machines voor algemeen gebruik;33221;4;woz-53;opslag/distributie;267;5.429816307;51.43717074
54;Bedrijf 54;Type A;NA;NA;kvk-54;47741;Winkels in drogisterij-artikelen;bag-54;winkelfunctie;Bedrijf 54;Winkels in drogisterij-artikelen;47741;3;woz-54;Winkel;276;5.483423788;51.43170797
55;Bedrijf 55;Type B;63,69-71,73,74,77,78;Overige zakelijke dienstverlening: kantoren;kvk-55;46769;Groothandel in overige intermediaire producten n.e.g.;bag-55;industriefunctie;Bedrijf 55;NA;NA;NA;woz-55;bedrijven;1507;5.471614728;51.43865727
56;Bedrijf 56;Type C;931.Eb;Autocircuits, motorcrossterreinen e.d., >=8 uur/week in gebruik;kvk-56;NA;NA;bag-56;sportfunctie;Bedrijf 56;NA;NA;NA;woz-56;Sportterrein;0;5.486450394;51.473753
57;Bedrijf 57;niet Wm;NA;NA;kvk-57;4332;Bouwtimmeren;bag-57;kantoorfunctie;Bedrijf 57;Groothandel in elektronische en telecommunicatieapparatuur;4652;4;woz-57;Kantoor;688;5.472065554;51.45252279
58;Bedrijf 58;Type B;46721.1;Grth in metaalertsen:- opslag opp. < 2.000 m2;kvk-58;3314;Reparatie van elektrische apparatuur;bag-58;industriefunctie;Bedrijf 58;NA;NA;NA;woz-58;Productie (fabriek);795;5.492829499;51.42004439
59;Bedrijf 59;Type A;NA;NA;kvk-59;96022;Schoonheidsverzorging, pedicures en manicures;bag-59;winkelfunctie;Bedrijf 59;Schoonheidsverzorging, pedicures en manicures;96022;3;woz-59;Winkel;60;5.485132339;51.43010409
60;Bedrijf 60;Type B;16.4;Dienstverlening t.b.v. de landbouw:- plantsoenendiensten en hoveniersbedrijven: b.o. <= 500 m;kvk-60;NA;NA;bag-60;bijeenkomstfunctie;Bedrijf 60;NA;NA;NA;woz-60;Onbekend;0;5.515466733;51.44291679
61;Bedrijf 61;Type B;563.1;Cafés, bars;kvk-61;7112;Ingenieurs en overig technisch ontwerp en advies;bag-61;bijeenkomstfunctie;Bedrijf 61;Restaurants;56101;5;woz-61;Horeca;984;5.438842807;51.43351195
62;Bedrijf 62;niet Wm;NA;NA;kvk-62;NA;NA;bag-62;bijeenkomstfunctie;Bedrijf 62;NA;NA;NA;woz-62;wijk-/buurtcentrum;0;5.453457867;51.45147545
63;Bedrijf 63;Type B;471;Supermarkten, warenhuizen;kvk-63;4711;Supermarkten en dergelijke winkels met een algemeen assortiment voedings- en genotmiddelen;bag-63;winkelfunctie;Bedrijf 63;Supermarkten en dergelijke winkels met een algemeen assort.;4711;6;woz-63;Supermarkt/warenhuis;1183;5.470168799;51.44562868
64;Bedrijf 64;Type B;4638, 4639;Grth in overige voedings- en genotmiddelen;kvk-64;6420;Financiële holdings;bag-64;industriefunctie;Bedrijf 64;Detailhandel via overige distributievormen;47999;7;woz-64;opslag/distributie;4352;5.394224001;51.45795863
65;Bedrijf 65;Type C;5.2;Gevaarlijke stoffen (incl. bestrijdingsmiddelen) in emballage of in gasflessen:- beperkte hoeveelheden (< 150 ton)  en hoog beschermingsniveau;kvk-65;4311;Slopen van bouwwerken;bag-65;industriefunctie;Bedrijf 65;Slopen van bouwwerken;4311;7;woz-65;Productie (fabriek);5388;5.452083537;51.43440302
66;Bedrijf 66;Type A;63,69-71,73,74,77,78;Overige zakelijke dienstverlening: kantoren;kvk-66;70221;Organisatie-adviesbureaus;bag-66;industriefunctie;Bedrijf 66;Organisatie-adviesbureaus;70221;3;woz-66;Productie (fabriek);314;5.436980699;51.43684073
67;Bedrijf 67;Type B;561;Restaurants, cafetarias, snackbars, ijssalons met eigen ijsbereiding, viskramen e.d.;kvk-67;56101;Restaurants;bag-67;bijeenkomstfunctie;Bedrijf 67;Restaurants;56101;1;woz-67;Horeca in winkelpand;250;5.393671622;51.45601052
68;Bedrijf 68;Type B;561;Restaurants, cafetarias, snackbars, ijssalons met eigen ijsbereiding, viskramen e.d.;kvk-68;56102;Cafetarias, lunchrooms, snackbars, eetkramen e.d.;bag-68;winkelfunctie;Bedrijf 68;Cafetarias, lunchrooms, snackbars, ijssalons, eetkramen e.d;56102;2;woz-68;Winkel;60;5.458370449;51.44215685
69;Bedrijf 69;Type B;NA;NA;kvk-69;56102;Cafetarias, lunchrooms, snackbars, eetkramen e.d.;bag-69;bijeenkomstfunctie;Bedrijf 69;Cafetarias, lunchrooms, snackbars, ijssalons, eetkramen e.d;56102;3;woz-69;Horeca in winkelpand;77;5.473607587;51.44957993
70;Bedrijf 70;Type B;563.1;Cafés, bars;kvk-70;NA;NA;bag-70;bijeenkomstfunctie;Bedrijf 70;NA;NA;NA;woz-70;Horeca in winkelpand;101;5.493789837;51.48982992
71;Bedrijf 71;Type B;561;Restaurants, cafetarias, snackbars, ijssalons met eigen ijsbereiding, viskramen e.d.;kvk-71;90041;Theaters en schouwburgen;bag-71;bijeenkomstfunctie;Bedrijf 71;NA;NA;NA;woz-71;Overig cultureel;0;5.457721294;51.47797405
72;Bedrijf 72;Type B;563.1;Cafés, bars;kvk-72;5630;Cafés;bag-72;bijeenkomstfunctie;Bedrijf 72;NA;NA;NA;woz-72;Cafe/bar/restaurant;223;5.472814012;51.44420734
73;Bedrijf 73;Type B;563.1;Cafés, bars;kvk-73;5630;Cafés;bag-73;woonfunctie, bijeenkomstfunctie;Bedrijf 73;Cafés;5630;3;woz-73;Cafe/bar/restaurant;363;5.470989582;51.44814563
74;Bedrijf 74;Type A;NA;NA;kvk-74;96021;Haarverzorging;bag-74;kantoorfunctie;Bedrijf 74;NA;NA;NA;woz-74;Winkel;104;5.472692865;51.44425847
75;Bedrijf 75;Type B;561;Restaurants, cafetarias, snackbars, ijssalons met eigen ijsbereiding, viskramen e.d.;kvk-75;56101;Restaurants;bag-75;bijeenkomstfunctie;Bedrijf 75;Restaurants;56101;3;woz-75;Horeca in winkelpand;105;5.504976363;51.41937882
76;Bedrijf 76;Type B;45204.B;Autobeklederijen;kvk-76;45204;Carrosserieherstel;bag-76;woonfunctie;Bedrijf 76;Carrosserieherstel;45204;2;woz-76;Onbekend;0;5.471354065;51.43868134
77;Bedrijf 77;Type B;4778;Detailhandel in vuurwerk tot 10 ton verpakt;kvk-77;NA;NA;bag-77;winkelfunctie;Bedrijf 77;NA;NA;NA;woz-77;Winkel;344;5.474646843;51.44851273
78;Bedrijf 78;Type B;471;Supermarkten, warenhuizen;kvk-78;47789;Winkels gespecialiseerd in overige artikelen n.e.g.;bag-78;winkelfunctie;Bedrijf 78;Warenhuizen;47191;9;woz-78;Supermarkt/warenhuis;18114;5.504218938;51.44379698
79;Bedrijf 79;Type A;451, 452, 454;Handel in autos en motorfietsen, reparatie- en servicebedrijven;kvk-79;NA;NA;bag-79;sportfunctie;Bedrijf 79;NA;NA;NA;woz-79;Onbekend;0;5.442095448;51.4758862
80;Bedrijf 80;Type B;8621, 8622, 8623;Artsenpraktijken, klinieken en dagverblijven;kvk-80;86231;Praktijken van tandartsen;bag-80;gezondheidszorgfunctie;Bedrijf 80;Praktijken van tandartsen;86231;4;woz-80;Praktijkruimte;292;5.479027046;51.43955347
81;Bedrijf 81;Type A;47.A;Detailhandel voor zover n.e.g.;kvk-81;NA;NA;bag-81;winkelfunctie;Bedrijf 81;NA;NA;NA;woz-81;Onbekend;0;5.497377785;51.42405491
82;Bedrijf 82;Type B;466, 469;Overige grth (bedrijfsmeubels, emballage, vakbenodigdheden e.d.;kvk-82;46732;Groothandel in verf en verfwaren;bag-82;winkelfunctie;Bedrijf 82;Niet-gespecialiseerde groothandel in niet-consumentenartikel;46902;4;woz-82;Winkel;1226;5.401043176;51.4506959
83;Bedrijf 83;niet Wm;NA;NA;kvk-83;69204;Belastingconsulenten;bag-83;kantoorfunctie;Bedrijf 83;Assurantietussenpersonen;6622;3;woz-83;Winkel;138;5.481150008;51.44148213
84;Bedrijf 84;Type B;94991.A;Buurt- en clubhuizen;kvk-84;85522;Kunstzinnige vorming van amateurs (geen dansscholen);bag-84;bijeenkomstfunctie;Bedrijf 84;Lokaal welzijnswerk;88993;2;woz-84;wijk-/buurtcentrum;0;5.454238493;51.44140017
85;Bedrijf 85;Type A;96013.B;Wasserettes, wassalons;kvk-85;NA;NA;bag-85;woonfunctie, winkelfunctie;Bedrijf 85;Wassalons en -verzendinrichtingen;96013;2;woz-85;Winkel;72;5.419175782;51.47988624
86;Bedrijf 86;Type A;47.A;Detailhandel voor zover n.e.g.;kvk-86;6420;Financiële holdings;bag-86;winkelfunctie;Bedrijf 86;Winkels in artikelen voor woninginrichting algemeen ass.;47593;4;woz-86;Toonzaal;977;5.468441875;51.42955984
87;Bedrijf 87;Type A;852, 8531;Scholen voor basis- en algemeen voortgezet onderwijs;kvk-87;85202;Speciaal basisonderwijs;bag-87;onderwijsfunctie;Bedrijf 87;Speciaal basisonderwijs;85202;5;woz-87;speciaal onderwijs;0;5.488049408;51.43411646
88;Bedrijf 88;niet Wm;NA;NA;kvk-88;NA;NA;bag-88;woonfunctie;Bedrijf 88;NA;NA;NA;woz-88;Onbekend;0;5.485763831;51.42264249
89;Bedrijf 89;Type B;561;Restaurants, cafetarias, snackbars, ijssalons met eigen ijsbereiding, viskramen e.d.;kvk-89;5630;Cafés;bag-89;bijeenkomstfunctie;Bedrijf 89;Cafés;5630;3;woz-89;Cafe/bar/restaurant;760;5.429952744;51.43704597
90;Bedrijf 90;Type C;381.B;Gemeentewerven (afval-inzameldepots);kvk-90;NA;NA;bag-90;industriefunctie;Bedrijf 90;NA;NA;NA;woz-90;opslag/distributie;755;5.473512583;51.44394856
91;Bedrijf 91;Type A;952;Reparatie t.b.v. particulieren (excl. autos en motorfietsen);kvk-91;4618;Handelsbemiddeling gespecialiseerd in overige goederen;bag-91;winkelfunctie;Bedrijf 91;Handelsbemiddeling gespecialiseerd in overige goederen;4618;3;woz-91;Winkel;548;5.454870318;51.43635962
92;Bedrijf 92;Type B;5221.1;Autoparkeerterreinen, parkeergarages;kvk-92;16231;Vervaardiging van deuren, ramen en kozijnen van hout;bag-92;industriefunctie;Bedrijf 92;Vervaardiging van deuren, ramen en kozijnen van hout;16231;4;woz-92;opslag/distributie;1242;5.480842502;51.47863314
93;Bedrijf 93;Type B;3099;Transportmiddelenindustrie n.e.g.;kvk-93;17211;Vervaardiging van verpakkingsmiddelen van papier en karton;bag-93;industriefunctie, kantoorfunctie;Bedrijf 93;Vervaardiging van verpakkingsmiddelen van papier en karton;17211;7;woz-93;opslag/distributie;4387;5.4984965;51.46608419
94;Bedrijf 94;Type B;561;Restaurants, cafetarias, snackbars, ijssalons met eigen ijsbereiding, viskramen e.d.;kvk-94;47718;Textielsupermarkten;bag-94;winkelfunctie;Bedrijf 94;Supermarkten en dergelijke winkels met een algemeen assort.;4711;6;woz-94;Supermarkt/warenhuis;1063;5.478931272;51.43998787
95;Bedrijf 95;niet Wm;NA;NA;kvk-95;47718;Textielsupermarkten;bag-95;winkelfunctie;Bedrijf 95;Supermarkten en dergelijke winkels met een algemeen assort.;4711;6;woz-95;Supermarkt/warenhuis;1063;5.476425155;51.4687861
96;Bedrijf 96;Type B;NA;NA;kvk-96;47718;Textielsupermarkten;bag-96;winkelfunctie;Bedrijf 96;Supermarkten en dergelijke winkels met een algemeen assort.;4711;6;woz-96;Supermarkt/warenhuis;1063;5.466165368;51.44208643
97;Bedrijf 97;Type B;561;Restaurants, cafetarias, snackbars, ijssalons met eigen ijsbereiding, viskramen e.d.;kvk-97;56101;Restaurants;bag-97;bijeenkomstfunctie;Bedrijf 97;Eventcatering;5621;4;woz-97;Cafe/bar/restaurant;180;5.466457472;51.46519371
98;Bedrijf 98;Type B;41, 42, 43.1;Bouwbedrijven algemeen: b.o. <= 2.000 m;kvk-98;42111;Wegenbouw;bag-98;kantoorfunctie;Bedrijf 98;Algemene burgerlijke en utiliteitsbouw;4120;7;woz-98;Kantoor;2642;5.467396161;51.43892084
99;Bedrijf 99;Type A;451, 452, 454;Handel in autos en motorfietsen, reparatie- en servicebedrijven;kvk-99;6420;Financiële holdings;bag-99;industriefunctie;Bedrijf 99;NA;NA;NA;woz-99;Autoshowroom+garage;8261;5.408997536;51.44255593
100;Bedrijf 100;Type B;493a;Bus-, tram- en metrostations en -remises;kvk-100;70102;Holdings (geen financiële);bag-100;kantoorfunctie;Bedrijf 100;Openbaar vervoer binnen steden;4931;9;woz-100;bedrijven;10262;5.46253218;51.42698009
101;Bedrijf 101;Type C;473.3;Benzineservisestations:- zonder LPG;kvk-101;4730;Benzinestations;bag-101;industriefunctie, overige gebruiksfunctie;Bedrijf 101;Benzinestations;4730;3;woz-101;Overige onroerende niet-woningen;0;5.442609364;51.47578503
102;Bedrijf 102;Type A;NA;NA;kvk-102;8230;Organiseren van congressen en beurzen;bag-102;kantoorfunctie;Bedrijf 102;NA;NA;NA;woz-102;Onbekend;0;5.401043176;51.4506959
103;Bedrijf 103;Type B;493b;Taxibedrijven, taxistandplaatsen;kvk-103;64303;Beleggingsinstellingen met beperkte toetreding;bag-103;kantoorfunctie;Bedrijf 103;Vervoer per taxi;4932;2;woz-103;opslag/distributie;1370;5.485224559;51.4763766
104;Bedrijf 104;Type B;561;Restaurants, cafetarias, snackbars, ijssalons met eigen ijsbereiding, viskramen e.d.;kvk-104;NA;NA;bag-104;winkelfunctie;Bedrijf 104;Cafetarias, lunchrooms, snackbars, ijssalons, eetkramen e.d;56102;2;woz-104;Winkel;125;5.422801126;51.48583625
105;Bedrijf 105;Type B;150;Akker- en/of tuinbouw in combinatie met het fokken en houden van dieren (niet intensief);kvk-105;9411;Bedrijfs- en werkgeversorganisaties;bag-105;industriefunctie;Bedrijf 105;Akker- en/of tuinbouw in combinatie met veehouderij;150;3;woz-105;Kaasboerderij met woongedeelte;0;5.43201156;51.43123042
106;Bedrijf 106;Type B;255, 331.B;Smederijen, lasinrichtingen, bankwerkerijen e.d.;kvk-106;72192;Technisch speur- en ontwikkelingswerk;bag-106;kantoorfunctie;Bedrijf 106;Markt- en opinieonderzoekbureaus;7320;4;woz-106;opslag/distributie;461;5.47238474;51.44652087
107;Bedrijf 107;Type A;41, 42, 43.1;Bouwbedrijven algemeen: b.o. <= 2.000 m;kvk-107;4329;Overige bouwinstallatie;bag-107;kantoorfunctie;Bedrijf 107;Overige bouwinstallatie;4329;6;woz-107;bedrijven;610;5.440994983;51.43319772
108;Bedrijf 108;Type B;94991.A;Buurt- en clubhuizen;kvk-108;5630;Cafés;bag-108;woonfunctie;Bedrijf 108;Cafetarias, lunchrooms, snackbars, ijssalons, eetkramen e.d;56102;2;woz-108;Onbekend;0;5.434020757;51.43688902
109;Bedrijf 109;niet Wm;NA;NA;kvk-109;NA;NA;bag-109;woonfunctie, kantoorfunctie;Bedrijf 109;Architecten (geen interieurarchitecten);71111;2;woz-109;Onbekend;0;5.448758065;51.41473338
110;Bedrijf 110;Type C;721;Natuurwetenschappelijk speur- en ontwikkelingswerk;kvk-110;8121;Interieurreiniging van gebouwen;bag-110;industriefunctie;Bedrijf 110;Vervaardiging van overige machines, apparaten en werktuigen;2899;4;woz-110;Productie (fabriek);15352;5.397641765;51.45500453
111;Bedrijf 111;Type B;143.1;Fokken en houden van overige graasdieren:- paardenfokkerijen;kvk-111;93125;Paardensport en maneges;bag-111;woonfunctie, industriefunctie;Bedrijf 111;Politie;8424;4;woz-111;Stoeterij/manege/paardenfokkerij;0;5.394396094;51.45658969
112;Bedrijf 112;niet Wm;NA;NA;kvk-112;70222;Advisering op het gebied van management en bedrijfsvoering (geen public relations en organisatie- adviesbureaus);bag-112;industriefunctie;Bedrijf 112;Vervaardiging van meet-, regel-, navigatie- en controleapp.;2651;3;woz-112;bedrijven;1175;5.509715808;51.43566109
113;Bedrijf 113;Type A;852, 8531;Scholen voor basis- en algemeen voortgezet onderwijs;kvk-113;8891;Kinderopvang en peuterspeelzaalwerk;bag-113;onderwijsfunctie, sportfunctie;Bedrijf 113;Basisonderwijs voor leerplichtigen;85201;6;woz-113;Sporthal/sportzaal;0;5.499300592;51.41986851
114;Bedrijf 114;Type A;453b;Handel in auto- en motorfietsonderdelen en -accessoires;kvk-114;46901;Niet-gespecialiseerde groothandel in consumentenartikelen;bag-114;industriefunctie;Bedrijf 114;NA;NA;NA;woz-114;bedrijven;361;5.493894387;51.4900274
115;Bedrijf 115;Type B;152;Schoenenfabrieken;kvk-115;70102;Holdings (geen financiële);bag-115;industriefunctie;Bedrijf 115;Vervaardiging van medische instrumenten en hulpmiddelen;32502;4;woz-115;Productie (fabriek);256;5.487240283;51.44501762
116;Bedrijf 116;Type B;561;Restaurants, cafetarias, snackbars, ijssalons met eigen ijsbereiding, viskramen e.d.;kvk-116;56101;Restaurants;bag-116;bijeenkomstfunctie;Bedrijf 116;Restaurants;56101;3;woz-116;Cafe/bar/restaurant;380;5.45756702;51.4374897
117;Bedrijf 117;Type B;563.1;Cafés, bars;kvk-117;NA;NA;bag-117;bijeenkomstfunctie;Bedrijf 117;NA;NA;NA;woz-117;Cafe/bar/restaurant met woongedeelte;114;5.488103147;51.43454997
118;Bedrijf 118;niet Wm;NA;NA;kvk-118;45112;Handel in en reparatie van personenautos en lichte bedrijfsautos (geen import van nieuwe);bag-118;industriefunctie;Bedrijf 118;Handel in en reparatie van personenautos en bedrijfsautos;45112;3;woz-118;Onderhoud/reparatie met woongedeelte;400;5.470587886;51.46126589
119;Bedrijf 119;niet Wm;NA;NA;kvk-119;NA;NA;bag-119;woonfunctie;Bedrijf 119;NA;NA;NA;woz-119;Onbekend;0;5.483224277;51.43683764
120;Bedrijf 120;Type A;41, 42, 43.3;Aannemersbedrijven met werkplaats: b.o.< 1000 m;kvk-120;NA;NA;bag-120;woonfunctie;Bedrijf 120;NA;NA;NA;woz-120;Onbekend;0;5.455204261;51.4362852
121;Bedrijf 121;Type B;451, 452, 454;Handel in autos en motorfietsen, reparatie- en servicebedrijven;kvk-121;45202;Bandenservicebedrijven;bag-121;industriefunctie;Bedrijf 121;Bandenservicebedrijven;45202;2;woz-121;Onderhoud/reparatie;715;5.462871895;51.4788566
122;Bedrijf 122;Type B;561;Restaurants, cafetarias, snackbars, ijssalons met eigen ijsbereiding, viskramen e.d.;kvk-122;56102;Cafetarias, lunchrooms, snackbars, eetkramen e.d.;bag-122;woonfunctie;Bedrijf 122;Cafetarias, lunchrooms, snackbars, ijssalons, eetkramen e.d;56102;3;woz-122;Cafetaria/snackbar;63;5.47238474;51.44652087
123;Bedrijf 123;Type B;561;Restaurants, cafetarias, snackbars, ijssalons met eigen ijsbereiding, viskramen e.d.;kvk-123;5630;Cafés;bag-123;bijeenkomstfunctie;Bedrijf 123;Cafés;5630;3;woz-123;Cafe/bar/restaurant met woongedeelte;184;5.473784017;51.44401398
124;Bedrijf 124;Type B;451, 452, 454;Handel in autos en motorfietsen, reparatie- en servicebedrijven;kvk-124;77112;Operational lease van personenautos en lichte bedrijfsautos;bag-124;industriefunctie;Bedrijf 124;verhuur van autos en lichte bedrijfsautos;77111;4;woz-124;Autoshowroom+garage;7220;5.481848373;51.47755528
125;Bedrijf 125;Type C;4677.0c;Overige groothandel in afval en schroot: b.o. > 1000 m;kvk-125;46779;Groothandel in overige oude materialen en afvalstoffen;bag-125;industriefunctie;Bedrijf 125;Groothandel in overige oude materialen en afvalstoffen;46779;4;woz-125;opslag/distributie;1432;5.442566731;51.41932968
126;Bedrijf 126;Type B;NA;NA;kvk-126;96022;Schoonheidsverzorging, pedicures en manicures;bag-126;winkelfunctie;Bedrijf 126;NA;NA;NA;woz-126;Winkel;140;5.423057335;51.44395224
127;Bedrijf 127;Type A;47.A;Detailhandel voor zover n.e.g.;kvk-127;6420;Financiële holdings;bag-127;industriefunctie;Bedrijf 127;Groothandel in elektronische en telecommunicatieapparatuur;4652;7;woz-127;bedrijven;3309;5.401670724;51.45356469
128;Bedrijf 128;Type A;941, 942;Bedrijfs- en werknemersorganisaties (kantoren);kvk-128;88993;Lokaal welzijnswerk;bag-128;kantoorfunctie;Bedrijf 128;Facilitaire activiteiten voor film- en televisieproductie;5912;4;woz-128;Kantoor;2604;5.484123454;51.45615216
129;Bedrijf 129;Type A;NA;NA;kvk-129;94991;Gezelligheidsverenigingen;bag-129;bijeenkomstfunctie, sportfunctie;Bedrijf 129;Sporthallen, sportzalen en gymzalen;93112;3;woz-129;Sporthal/sportzaal;0;5.414741583;51.47844903
130;Bedrijf 130;Type B;4624;Grth in huiden, vellen en leder;kvk-130;46241;Groothandel in huiden en vellen;bag-130;industriefunctie;Bedrijf 130;Groothandel in huiden en vellen;46241;4;woz-130;Productie (fabriek);563;5.426966562;51.48458448
131;Bedrijf 131;niet Wm;NA;NA;kvk-131;NA;NA;bag-131;industriefunctie;Bedrijf 131;NA;NA;NA;woz-131;Bedrijven met woongedeelte;250;5.475358437;51.46960166
132;Bedrijf 132;Type A;NA;NA;kvk-132;NA;NA;bag-132;woonfunctie;Bedrijf 132;Schrijven en overige scheppende kunst;9003;2;woz-132;Onbekend;0;5.402192142;51.46435077
133;Bedrijf 133;Type B;451, 452, 454;Handel in autos en motorfietsen, reparatie- en servicebedrijven;kvk-133;NA;NA;bag-133;woonfunctie;Bedrijf 133;Handel in en reparatie van personenautos en bedrijfsautos;45112;2;woz-133;Onbekend;0;5.465374671;51.41907793
134;Bedrijf 134;Type B;8621, 8622, 8623;Artsenpraktijken, klinieken en dagverblijven;kvk-134;86231;Praktijken van tandartsen;bag-134;gezondheidszorgfunctie;Bedrijf 134;Praktijken van tandartsen;86231;4;woz-134;Praktijkruimte;114;5.464966616;51.46325056
135;Bedrijf 135;Type B;4673.2;Grth in hout en bouwmaterialen:- algemeen: b.o. <= 2000 m;kvk-135;NA;NA;bag-135;winkelfunctie;Bedrijf 135;Bouwmarkten, andere winkels in bouwmaterialen algemeen ass.;47528;4;woz-135;Toonzaal;3709;5.446538118;51.42798145
136;Bedrijf 136;Type B;8610;Ziekenhuizen;kvk-136;86221;Praktijken van medisch specialisten en medische dagbehandelcentra (geen tandheelkunde of psychiatrie);bag-136;bijeenkomstfunctie, gezondheidszorgfunctie;Bedrijf 136;Algemene ziekenhuizen;86102;12;woz-136;Ziekenhuis;0;5.47419442;51.46017213
137;Bedrijf 137;Type A;47.A;Detailhandel voor zover n.e.g.;kvk-137;NA;NA;bag-137;winkelfunctie;Bedrijf 137;Niet-gespecialiseerde handelsbemiddeling;4619;3;woz-137;Groothandel;1204;5.489488206;51.4521536
138;Bedrijf 138;niet Wm;NA;NA;kvk-138;NA;NA;bag-138;industriefunctie;Bedrijf 138;NA;NA;NA;woz-138;opslag/distributie;54;5.475291962;51.46888257
139;Bedrijf 139;Type A;34;liftinstallaties;kvk-139;NA;NA;bag-139;woonfunctie;Bedrijf 139;NA;NA;NA;woz-139;Onbekend;0;5.489087709;51.4268042
140;Bedrijf 140;Type B;451, 452, 454;Handel in autos en motorfietsen, reparatie- en servicebedrijven;kvk-140;77111;verhuur van autos en lichte bedrijfsautos (geen operational lease);bag-140;woonfunctie;Bedrijf 140;verhuur van autos en lichte bedrijfsautos;77111;3;woz-140;Onderhoud/reparatie;477;5.441427981;51.48111176
141;Bedrijf 141;Type B;451, 452, 454;Handel in autos en motorfietsen, reparatie- en servicebedrijven;kvk-141;45112;Handel in en reparatie van personenautos en lichte bedrijfsautos (geen import van nieuwe);bag-141;industriefunctie;Bedrijf 141;Detailhandel in auto-onderdelen en -accessoires;4532;4;woz-141;Werkplaats/garage;865;5.433140754;51.42585512
142;Bedrijf 142;Type A;293;Elektrotechnische industrie n.e.g.;kvk-142;6420;Financiële holdings;bag-142;kantoorfunctie;Bedrijf 142;Advisering op het gebied van informatietechnologie;6202;5;woz-142;Kantoor;1017;5.474819539;51.46940624
143;Bedrijf 143;niet Wm;NA;NA;kvk-143;NA;NA;bag-143;overige gebruiksfunctie;Bedrijf 143;Afvalwaterinzameling en -behandeling;3700;5;woz-143;Onbekend;0;5.471076192;51.45121586
144;Bedrijf 144;Type A;8621, 8622, 8623;Artsenpraktijken, klinieken en dagverblijven;kvk-144;86221;Praktijken van medisch specialisten en medische dagbehandelcentra (geen tandheelkunde of psychiatrie);bag-144;gezondheidszorgfunctie, kantoorfunctie;Bedrijf 144;Praktijken van med. specialisten en med. dagbehandelcentra;86221;5;woz-144;Kruisgebouw;0;5.424295634;51.48632521
145;Bedrijf 145;niet Wm;NA;NA;kvk-145;8424;Politie;bag-145;gezondheidszorgfunctie;Bedrijf 145;NA;NA;NA;woz-145;bijzondere woonfuncties;0;5.460145421;51.44272782
146;Bedrijf 146;Type B;451, 452, 454;Handel in autos en motorfietsen, reparatie- en servicebedrijven;kvk-146;6420;Financiële holdings;bag-146;winkelfunctie;Bedrijf 146;Handel in en reparatie van personenautos en bedrijfsautos;45112;4;woz-146;Autoshowroom+garage;2387;5.431836983;51.42405625
147;Bedrijf 147;Type A;941, 942;Bedrijfs- en werknemersorganisaties (kantoren);kvk-147;6622;Assurantietussenpersonen;bag-147;kantoorfunctie;Bedrijf 147;Assurantietussenpersonen;6622;5;woz-147;Kantoor in bedrijfsverzamelgebouw;275;5.477968457;51.44059526
148;Bedrijf 148;Type B;561;Restaurants, cafetarias, snackbars, ijssalons met eigen ijsbereiding, viskramen e.d.;kvk-148;56102;Cafetarias, lunchrooms, snackbars, eetkramen e.d.;bag-148;bijeenkomstfunctie;Bedrijf 148;Cafetarias, lunchrooms, snackbars, ijssalons, eetkramen e.d;56102;3;woz-148;Cafe/bar/restaurant met woongedeelte;160;5.503422682;51.43628229
149;Bedrijf 149;Type C;3.50E+02;Warmtevoorzieningsinstallaties, gasgestookt:- stadsverwarming;kvk-149;NA;NA;bag-149;overige gebruiksfunctie;Bedrijf 149;NA;NA;NA;woz-149;Elektriciteitscentrale;0;5.477833415;51.43905004
150;Bedrijf 150;niet Wm;NA;NA;kvk-150;NA;NA;bag-150;woonfunctie;Bedrijf 150;NA;NA;NA;woz-150;Onbekend;0;5.474315529;51.48386999
151;Bedrijf 151;Type B;5629;Kantines;kvk-151;94991;Gezelligheidsverenigingen;bag-151;bijeenkomstfunctie;Bedrijf 151;Gezelligheidsverenigingen;94991;3;woz-151;wijk-/buurtcentrum;0;5.474943973;51.44868409
152;Bedrijf 152;Type C;4677.0c;Overige groothandel in afval en schroot: b.o. > 1000 m;kvk-152;3832;Gesorteerd materiaal voorbereiden tot recycling;bag-152;industriefunctie;Bedrijf 152;Groothandel in overige oude materialen en afvalstoffen;46779;5;woz-152;Productie (fabriek);4186;5.502951374;51.44566081
153;Bedrijf 153;Type B;941, 942;Bedrijfs- en werknemersorganisaties (kantoren);kvk-153;NA;NA;bag-153;kantoorfunctie;Bedrijf 153;NA;NA;NA;woz-153;Kantoor in bedrijfsverzamelgebouw;891;5.539761143;51.43230147
154;Bedrijf 154;Type B;35.D4;Gasdistributiebedrijven:- gasdrukregel- en meetruimten (kasten en gebouwen), cat. B en C;kvk-154;6420;Financiële holdings;bag-154;bijeenkomstfunctie, kantoorfunctie;Bedrijf 154;Projectontwikkeling;4110;4;woz-154;Kantoor;9280;5.450894674;51.48303678
155;Bedrijf 155;Type B;471;Supermarkten, warenhuizen;kvk-155;4711;Supermarkten en dergelijke winkels met een algemeen assortiment voedings- en genotmiddelen;bag-155;winkelfunctie;Bedrijf 155;Supermarkten en dergelijke winkels met een algemeen assort.;4711;4;woz-155;Supermarkt/warenhuis;1431;5.459967266;51.44450652
156;Bedrijf 156;niet Wm;1.1;butaan, propaan, LPG (in tanks):- bovengronds, < 2m3;kvk-156;NA;NA;bag-156;Standplaats;Bedrijf 156;NA;NA;NA;woz-156;Onbekend;0;5.45411003;51.48888286
157;Bedrijf 157;Type B;96011.A;Wasserijen en strijkinrichtingen;kvk-157;96013;Wassalons en -verzendinrichtingen;bag-157;woonfunctie, winkelfunctie;Bedrijf 157;Wassalons en -verzendinrichtingen;96013;3;woz-157;Winkel;68;5.446453605;51.41903971
158;Bedrijf 158;Type B;561;Restaurants, cafetarias, snackbars, ijssalons met eigen ijsbereiding, viskramen e.d.;kvk-158;56102;Cafetarias, lunchrooms, snackbars, eetkramen e.d.;bag-158;bijeenkomstfunctie;Bedrijf 158;Cafetarias, lunchrooms, snackbars, ijssalons, eetkramen e.d;56102;2;woz-158;Horeca in winkelpand;68;5.441592908;51.47686912
159;Bedrijf 159;Type B;561;Restaurants, cafetarias, snackbars, ijssalons met eigen ijsbereiding, viskramen e.d.;kvk-159;56101;Restaurants;bag-159;bijeenkomstfunctie;Bedrijf 159;Restaurants;56101;3;woz-159;Horeca in winkelpand;65;5.454464507;51.47702557
160;Bedrijf 160;Type A;852, 8531;Scholen voor basis- en algemeen voortgezet onderwijs;kvk-160;94997;Overige belangenbehartiging n.e.g.;bag-160;onderwijsfunctie;Bedrijf 160;NA;NA;NA;woz-160;Alg voortgezet onderwijs MAVO/HAVO/VWO;0;5.491434416;51.43247507
161;Bedrijf 161;Type B;561;Restaurants, cafetarias, snackbars, ijssalons met eigen ijsbereiding, viskramen e.d.;kvk-161;56102;Cafetarias, lunchrooms, snackbars, eetkramen e.d.;bag-161;winkelfunctie;Bedrijf 161;NA;NA;NA;woz-161;Onbekend;0;5.472867426;51.44410377
162;Bedrijf 162;Type A;561;Restaurants, cafetarias, snackbars, ijssalons met eigen ijsbereiding, viskramen e.d.;kvk-162;NA;NA;bag-162;bijeenkomstfunctie;Bedrijf 162;NA;NA;NA;woz-162;Onbekend;0;5.470017231;51.45332134
163;Bedrijf 163;Type A;931.Aa;Sporthallen;kvk-163;93141;Individuele zaalsport;bag-163;sportfunctie;Bedrijf 163;NA;NA;NA;woz-163;bedrijven;549;5.475731855;51.46677384
164;Bedrijf 164;Type A;NA;NA;kvk-164;NA;NA;bag-164;woonfunctie, industriefunctie;Bedrijf 164;NA;NA;NA;woz-164;Onbekend;0;5.404047376;51.45009783
165;Bedrijf 165;Type B;41, 42, 43.0;Bouwbedrijven algemeen: b.o. > 2.000 m;kvk-165;4652;Groothandel in elektronische en telecommunicatieapparatuur en bijbehorende onderdelen;bag-165;industriefunctie;Bedrijf 165;Groothandel in elektronische en telecommunicatieapparatuur;4652;7;woz-165;bedrijven;3364;5.448640357;51.42893161
166;Bedrijf 166;niet Wm;NA;NA;kvk-166;86231;Praktijken van tandartsen;bag-166;woonfunctie;Bedrijf 166;NA;NA;NA;woz-166;Onbekend;0;5.402782876;51.45434854
167;Bedrijf 167;Type A;4673.2;Grth in hout en bouwmaterialen:- algemeen: b.o. <= 2000 m;kvk-167;6420;Financiële holdings;bag-167;industriefunctie, kantoorfunctie;Bedrijf 167;Winkels in tegels;47524;4;woz-167;Productie (fabriek);2208;5.502513578;51.43373727
168;Bedrijf 168;Type A;941, 942;Bedrijfs- en werknemersorganisaties (kantoren);kvk-168;6420;Financiële holdings;bag-168;kantoorfunctie;Bedrijf 168;Vervaardiging v. platen,folie,buizen,profielen v. kunststof;2221;2;woz-168;opslag/distributie;673;5.417225932;51.43936691
169;Bedrijf 169;Type B;561;Restaurants, cafetarias, snackbars, ijssalons met eigen ijsbereiding, viskramen e.d.;kvk-169;56101;Restaurants;bag-169;bijeenkomstfunctie;Bedrijf 169;Restaurants;56101;5;woz-169;Cafe/bar/restaurant;357;5.44023125;51.47944397
170;Bedrijf 170;Type B;25;vorkheftrucks, elektrisch;kvk-170;8130;Landschapsverzorging;bag-170;industriefunctie, kantoorfunctie;Bedrijf 170;Landschapsverzorging;8130;4;woz-170;bedrijven;540;5.476787904;51.43595447
171;Bedrijf 171;Type B;561;Restaurants, cafetarias, snackbars, ijssalons met eigen ijsbereiding, viskramen e.d.;kvk-171;56101;Restaurants;bag-171;bijeenkomstfunctie;Bedrijf 171;Cafetarias, lunchrooms, snackbars, ijssalons, eetkramen e.d;56102;2;woz-171;Horeca;188;5.483592737;51.43975688
172;Bedrijf 172;Type B;561;Restaurants, cafetarias, snackbars, ijssalons met eigen ijsbereiding, viskramen e.d.;kvk-172;56102;Cafetarias, lunchrooms, snackbars, eetkramen e.d.;bag-172;bijeenkomstfunctie;Bedrijf 172;Restaurants;56101;3;woz-172;Horeca in winkelpand;146;5.482743755;51.41605946
173;Bedrijf 173;niet Wm;NA;NA;kvk-173;NA;NA;bag-173;woonfunctie;Bedrijf 173;NA;NA;NA;woz-173;Onbekend;0;5.492168783;51.44378687
174;Bedrijf 174;niet Wm;NA;NA;kvk-174;NA;NA;bag-174;woonfunctie;Bedrijf 174;Detailhandel via internet in algemeen assortiment non-food;47919;2;woz-174;Onbekend;0;5.429485876;51.43929025
175;Bedrijf 175;Type A;8621, 8622, 8623;Artsenpraktijken, klinieken en dagverblijven;kvk-175;NA;NA;bag-175;winkelfunctie;Bedrijf 175;Overige paramedische praktijken (geen fysiotherapie, psych.);86919;4;woz-175;Winkel;244;5.47924295;51.4640834
176;Bedrijf 176;Type B;4674.2;Grth in ijzer- en metaalwaren en verwarmingsapparatuur:- algemeen: b.o. < = 2.000 m;kvk-176;46499;Groothandel in overige consumentenartikelen (non-food) n.e.g.;bag-176;industriefunctie;Bedrijf 176;Groothandel in overige consumentenartikelen (non-food) n.e.g;46499;4;woz-176;opslag/distributie;1153;5.422367919;51.46338315
177;Bedrijf 177;niet Wm;NA;NA;kvk-177;NA;NA;bag-177;woonfunctie;Bedrijf 177;NA;NA;NA;woz-177;Onbekend;0;5.423197965;51.48284144
178;Bedrijf 178;Type B;451, 452, 454;Handel in autos en motorfietsen, reparatie- en servicebedrijven;kvk-178;45203;Reparatie van specifieke auto-onderdelen;bag-178;industriefunctie;Bedrijf 178;NA;NA;NA;woz-178;opslag/distributie;673;5.418273016;51.48045918
179;Bedrijf 179;Type B;561;Restaurants, cafetarias, snackbars, ijssalons met eigen ijsbereiding, viskramen e.d.;kvk-179;56101;Restaurants;bag-179;winkelfunctie;Bedrijf 179;Restaurants;56101;4;woz-179;Winkel;183;5.44655799;51.42801447
180;Bedrijf 180;Type B;561;Restaurants, cafetarias, snackbars, ijssalons met eigen ijsbereiding, viskramen e.d.;kvk-180;55101;Hotel-restaurants;bag-180;bijeenkomstfunctie;Bedrijf 180;NA;NA;NA;woz-180;Horeca in winkelpand;215;5.483224277;51.43683764
181;Bedrijf 181;Type B;5510;Hotels en pensions met keuken, conferentie-oorden en congrescentra;kvk-181;5629;Kantines en contractcatering;bag-181;bijeenkomstfunctie;Bedrijf 181;Groothandel in textielwaren algemeen assortiment;46429;2;woz-181;Congresgebouw;14693;5.44109366;51.43928238
182;Bedrijf 182;Type B;63,69-71,73,74,77,78;Overige zakelijke dienstverlening: kantoren;kvk-182;7112;Ingenieurs en overig technisch ontwerp en advies;bag-182;kantoorfunctie;Bedrijf 182;Bedrijfs- en werkgeversorganisaties;9411;4;woz-182;Onbekend;0;5.456850789;51.4371527
183;Bedrijf 183;Type A;47.A;Detailhandel voor zover n.e.g.;kvk-183;4765;Winkels in speelgoed;bag-183;winkelfunctie;Bedrijf 183;Winkels in schoenen;47721;4;woz-183;Supermarkt/warenhuis;1071;5.502513578;51.43373727
184;Bedrijf 184;Type A;8891.2;Kinderopvang;kvk-184;8891;Kinderopvang en peuterspeelzaalwerk;bag-184;bijeenkomstfunctie;Bedrijf 184;Kinderopvang;88911;5;woz-184;Creche/peuterspeelzaal;0;5.486068218;51.4262264
185;Bedrijf 185;Type B;451, 452, 454;Handel in autos en motorfietsen, reparatie- en servicebedrijven;kvk-185;45112;Handel in en reparatie van personenautos en lichte bedrijfsautos (geen import van nieuwe);bag-185;industriefunctie;Bedrijf 185;Handel in en reparatie van personenautos en bedrijfsautos;45112;2;woz-185;bedrijven;320;5.481187622;51.43970138
186;Bedrijf 186;Type A;63,69-71,73,74,77,78;Overige zakelijke dienstverlening: kantoren;kvk-186;74102;Industrieel en productontwerp;bag-186;kantoorfunctie;Bedrijf 186;NA;NA;NA;woz-186;bedrijven;968;5.475728162;51.46847564
187;Bedrijf 187;Type B;9609.A;Dierenasiels en -pensions;kvk-187;9609;Overige dienstverlening n.e.g.;bag-187;woonfunctie, industriefunctie, winkelfunctie;Bedrijf 187;Overige dienstverlening (rest);9609;5;woz-187;Dierenasiel;0;5.429816307;51.43717074
188;Bedrijf 188;Type B;812;Reinigingsbedrijven voor gebouwen;kvk-188;NA;NA;bag-188;industriefunctie;Bedrijf 188;NA;NA;NA;woz-188;opslag/distributie;500;5.466176937;51.43032172
189;Bedrijf 189;Type B;464, 46733;Grth in overige consumentenartikelen;kvk-189;46499;Groothandel in overige consumentenartikelen (non-food) n.e.g.;bag-189;winkelfunctie;Bedrijf 189;Groothandel in papier- en kartonwaren (geen verpakkingsmat.);46497;4;woz-189;opslag/distributie;1231;5.445061179;51.47199394
190;Bedrijf 190;Type A;NA;NA;kvk-190;6120;Draadloze telecommunicatie;bag-190;winkelfunctie;Bedrijf 190;Winkels in telecommunicatieapparatuur;4742;4;woz-190;Winkel;113;5.465599508;51.43076322
191;Bedrijf 191;Type B;471;Supermarkten, warenhuizen;kvk-191;47761;Winkels in bloemen en planten, zaden en tuinbenodigdheden;bag-191;winkelfunctie;Bedrijf 191;Supermarkten en dergelijke winkels met een algemeen assort.;4711;6;woz-191;Supermarkt/warenhuis;5024;5.43219372;51.41926577
192;Bedrijf 192;Type A;471;Supermarkten, warenhuizen;kvk-192;4711;Supermarkten en dergelijke winkels met een algemeen assortiment voedings- en genotmiddelen;bag-192;woonfunctie, winkelfunctie;Bedrijf 192;Supermarkten en dergelijke winkels met een algemeen assort.;4711;1;woz-192;Winkel;167;5.479877724;51.46121294
193;Bedrijf 193;Type A;9609.B;Persoonlijke dienstverlening n.e.g.;kvk-193;94993;Steunfondsen (niet op het gebied van welzijnszorg);bag-193;kantoorfunctie;Bedrijf 193;Maatschappelijk werk;88992;7;woz-193;Kantoor;447;5.481022426;51.44410949
194;Bedrijf 194;niet Wm;NA;NA;kvk-194;69103;Notariskantoren;bag-194;kantoorfunctie;Bedrijf 194;Notariskantoren;69103;5;woz-194;Kantoor;657;5.483224277;51.43683764
195;Bedrijf 195;Type B;152;Schoenenfabrieken;kvk-195;6420;Financiële holdings;bag-195;gezondheidszorgfunctie;Bedrijf 195;Vervaardiging van medische instrumenten en hulpmiddelen;32502;7;woz-195;Praktijkruimte;1740;5.455348803;51.4265908
196;Bedrijf 196;Type A;NA;NA;kvk-196;86102;Algemene ziekenhuizen;bag-196;gezondheidszorgfunctie;Bedrijf 196;Algemene ziekenhuizen;86102;10;woz-196;Ziekenhuis;0;5.473476726;51.46129519
197;Bedrijf 197;niet Wm;NA;NA;kvk-197;NA;NA;bag-197;woonfunctie;Bedrijf 197;NA;NA;NA;woz-197;Onbekend;0;5.429689954;51.42317836
198;Bedrijf 198;Type B;8621, 8622, 8623;Artsenpraktijken, klinieken en dagverblijven;kvk-198;86231;Praktijken van tandartsen;bag-198;gezondheidszorgfunctie;Bedrijf 198;Praktijken van tandartsen;86231;3;woz-198;Praktijkruimte;550;5.390709924;51.45581434
199;Bedrijf 199;Type B;451, 452, 454;Handel in autos en motorfietsen, reparatie- en servicebedrijven;kvk-199;71202;Keuring en controle van machines, apparaten en materialen;bag-199;industriefunctie;Bedrijf 199;Administratiekantoren voor aandelen en obligaties;66191;1;woz-199;Onderhoud/reparatie;150;5.475326475;51.47071643
200;Bedrijf 200;Type B;561;Restaurants, cafetarias, snackbars, ijssalons met eigen ijsbereiding, viskramen e.d.;kvk-200;56101;Restaurants;bag-200;bijeenkomstfunctie;Bedrijf 200;Restaurants;56101;3;woz-200;Cafe/bar/restaurant met woongedeelte;140;5.481144706;51.43652657
201;Bedrijf 201;niet Wm;NA;NA;kvk-201;74201;Fotografie;bag-201;industriefunctie;Bedrijf 201;Fotografie;74201;2;woz-201;Atelier/werkruimte;140;5.447829507;51.43263347
202;Bedrijf 202;Type A;NA;NA;kvk-202;47527;Winkels gespecialiseerd in overige doe-het-zelfartikelen;bag-202;woonfunctie, industriefunctie;Bedrijf 202;Winkels gespecialiseerd in overige doe-het-zelfartikelen;47527;3;woz-202;opslag/distributie;587;5.458026311;51.45171964
203;Bedrijf 203;Type A;47.A;Detailhandel voor zover n.e.g.;kvk-203;47915;Detailhandel via postorder en internet in huis- en tuinartikelen;bag-203;industriefunctie;Bedrijf 203;NA;NA;NA;woz-203;Productie (fabriek);320;5.443763472;51.43737609
204;Bedrijf 204;Type B;451, 452, 454;Handel in autos en motorfietsen, reparatie- en servicebedrijven;kvk-204;45112;Handel in en reparatie van personenautos en lichte bedrijfsautos (geen import van nieuwe);bag-204;industriefunctie;Bedrijf 204;Handel in en reparatie van personenautos en bedrijfsautos;45112;3;woz-204;bedrijven;1026;5.454684599;51.43744754
205;Bedrijf 205;Type A;952;Reparatie t.b.v. particulieren (excl. autos en motorfietsen);kvk-205;45203;Reparatie van specifieke auto-onderdelen;bag-205;industriefunctie;Bedrijf 205;Reparatie van specifieke auto-onderdelen;45203;4;woz-205;Productie (fabriek);540;5.503777716;51.41980926
206;Bedrijf 206;Type B;561;Restaurants, cafetarias, snackbars, ijssalons met eigen ijsbereiding, viskramen e.d.;kvk-206;NA;NA;bag-206;woonfunctie;Bedrijf 206;Cafetarias, lunchrooms, snackbars, ijssalons, eetkramen e.d;56102;3;woz-206;Onbekend;0;5.467956337;51.42900681
207;Bedrijf 207;Type B;471;Supermarkten, warenhuizen;kvk-207;4711;Supermarkten en dergelijke winkels met een algemeen assortiment voedings- en genotmiddelen;bag-207;winkelfunctie;Bedrijf 207;Supermarkten en dergelijke winkels met een algemeen assort.;4711;5;woz-207;Supermarkt/warenhuis;2711;5.430800258;51.43494749
208;Bedrijf 208;Type A;466.2;Grth in machines en apparaten:- overige;kvk-208;46779;Groothandel in overige oude materialen en afvalstoffen;bag-208;industriefunctie;Bedrijf 208;Vervaardiging van golfpapier en -karton;17212;6;woz-208;Productie (fabriek);11509;5.477995886;51.44052366
209;Bedrijf 209;Type B;2562, 3311.1;Overige metaalbewerkende industrie;kvk-209;46779;Groothandel in overige oude materialen en afvalstoffen;bag-209;industriefunctie;Bedrijf 209;Vervaardiging van golfpapier en -karton;17212;6;woz-209;Productie (fabriek);11509;5.478362952;51.43558044
210;Bedrijf 210;Type B;5221.1;Autoparkeerterreinen, parkeergarages;kvk-210;5221;Dienstverlening voor vervoer over land;bag-210;bijeenkomstfunctie;Bedrijf 210;Ontwikkelen, produceren en uitgeven van software;6201;6;woz-210;Parkeerplaatsen binnen/buiten niet woning;0;5.396007933;51.46063206
211;Bedrijf 211;Type B;18129;Kleine drukkerijen en kopieerinrichtingen;kvk-211;6420;Financiële holdings;bag-211;industriefunctie;Bedrijf 211;Drukkerijen van boeken e.d.;18121;4;woz-211;opslag/distributie;484;5.519875042;51.44796192
212;Bedrijf 212;Type A;852, 8531;Scholen voor basis- en algemeen voortgezet onderwijs;kvk-212;85201;Basisonderwijs voor leerplichtigen;bag-212;onderwijsfunctie;Bedrijf 212;Basisonderwijs voor leerplichtigen;85201;6;woz-212;Basisschool;0;5.455472041;51.4266677
213;Bedrijf 213;Type A;NA;NA;kvk-213;NA;NA;bag-213;industriefunctie;Bedrijf 213;NA;NA;NA;woz-213;Onderhoud/reparatie met woongedeelte;182;5.481191032;51.43666731
214;Bedrijf 214;Type B;561;Restaurants, cafetarias, snackbars, ijssalons met eigen ijsbereiding, viskramen e.d.;kvk-214;56101;Restaurants;bag-214;bijeenkomstfunctie;Bedrijf 214;NA;NA;NA;woz-214;Horeca in winkelpand;889;5.449541788;51.43874599
215;Bedrijf 215;Type B;NA;NA;kvk-215;NA;NA;bag-215;woonfunctie, bijeenkomstfunctie;Bedrijf 215;Cafés;5630;3;woz-215;Cafe/bar/restaurant;94;5.483224277;51.43683764
216;Bedrijf 216;Type A;47.A;Detailhandel voor zover n.e.g.;kvk-216;47431;Winkels in audio- en videoapparatuur;bag-216;winkelfunctie;Bedrijf 216;Winkels in audio- en videoapparatuur;47431;5;woz-216;Winkel;804;5.480812063;51.43680722
217;Bedrijf 217;niet Wm;NA;NA;kvk-217;96022;Schoonheidsverzorging, pedicures en manicures;bag-217;bijeenkomstfunctie;Bedrijf 217;NA;NA;NA;woz-217;Winkel;223;5.440768393;51.48162882
218;Bedrijf 218;Type C;473.3;Benzineservisestations:- zonder LPG;kvk-218;9313;Fitnesscentra;bag-218;sportfunctie, winkelfunctie;Bedrijf 218;Benzinestations;4730;3;woz-218;Groothandel;2995;5.496514804;51.4362713
219;Bedrijf 219;Type B;14.2;laboratoria:- medisch en hoger onderwijs;kvk-219;32501;Tandtechnische bedrijven;bag-219;woonfunctie;Bedrijf 219;Tandtechnische bedrijven;32501;3;woz-219;Onbekend;0;5.447176996;51.43459294
220;Bedrijf 220;Type A;94991.A;Buurt- en clubhuizen;kvk-220;88993;Lokaal welzijnswerk;bag-220;gezondheidszorgfunctie;Bedrijf 220;NA;NA;NA;woz-220;maatschappelijke dienstverlening;0;5.492161305;51.42428664
221;Bedrijf 221;Type A;94991.A;Buurt- en clubhuizen;kvk-221;88993;Lokaal welzijnswerk;bag-221;gezondheidszorgfunctie;Bedrijf 221;NA;NA;NA;woz-221;wijk-/buurtcentrum;0;5.457374171;51.44881774
222;Bedrijf 222;Type A;852, 8531;Scholen voor basis- en algemeen voortgezet onderwijs;kvk-222;94997;Overige belangenbehartiging n.e.g.;bag-222;onderwijsfunctie;Bedrijf 222;Speciaal basisonderwijs;85202;6;woz-222;speciaal onderwijs;0;5.479439114;51.43769242
223;Bedrijf 223;Type B;561;Restaurants, cafetarias, snackbars, ijssalons met eigen ijsbereiding, viskramen e.d.;kvk-223;47293;Winkels in buitenlandse voedingsmiddelen;bag-223;winkelfunctie;Bedrijf 223;Winkels in buitenlandse voedingsmiddelen;47293;5;woz-223;Supermarkt/warenhuis;717;5.486590484;51.44183594
224;Bedrijf 224;Type B;561;Restaurants, cafetarias, snackbars, ijssalons met eigen ijsbereiding, viskramen e.d.;kvk-224;56101;Restaurants;bag-224;winkelfunctie;Bedrijf 224;Cafetarias, lunchrooms, snackbars, ijssalons, eetkramen e.d;56102;3;woz-224;Winkel;297;5.493787256;51.47693379
225;Bedrijf 225;Type B;4722, 4723;Detailhandel vlees, wild, gevogelte, met roken, koken, bakken;kvk-225;NA;NA;bag-225;winkelfunctie;Bedrijf 225;Winkels in vlees en vleeswaren;47221;3;woz-225;Winkel;438;5.493420174;51.45486007
226;Bedrijf 226;Type B;563.1;Cafés, bars;kvk-226;5630;Cafés;bag-226;bijeenkomstfunctie;Bedrijf 226;Cafés;5630;3;woz-226;Horeca met woongedeelte;105;5.472416469;51.46061782
227;Bedrijf 227;Type B;561;Restaurants, cafetarias, snackbars, ijssalons met eigen ijsbereiding, viskramen e.d.;kvk-227;56101;Restaurants;bag-227;winkelfunctie;Bedrijf 227;Restaurants;56101;2;woz-227;Cafe/bar/restaurant;285;5.477067736;51.43751896
228;Bedrijf 228;Type B;NA;NA;kvk-228;56102;Cafetarias, lunchrooms, snackbars, eetkramen e.d.;bag-228;bijeenkomstfunctie;Bedrijf 228;Cafetarias, lunchrooms, snackbars, ijssalons, eetkramen e.d;56102;3;woz-228;Horeca in winkelpand met woongedeelte;108;5.490724819;51.4256544
229;Bedrijf 229;Type B;35.D4;Gasdistributiebedrijven:- gasdrukregel- en meetruimten (kasten en gebouwen), cat. B en C;kvk-229;68204;Verhuur van onroerend goed (niet van woonruimte);bag-229;industriefunctie;Bedrijf 229;Wasserijen en linnenverhuur;96011;8;woz-229;opslag/distributie;11253;5.464056947;51.44907343
230;Bedrijf 230;Type B;NA;NA;kvk-230;NA;NA;bag-230;bijeenkomstfunctie;Bedrijf 230;NA;NA;NA;woz-230;Onbekend;0;5.474366073;51.44735122
231;Bedrijf 231;Type C;473.2;Benzineservisestations:- met LPG < 1000 m3/jr;kvk-231;4730;Benzinestations;bag-231;winkelfunctie;Bedrijf 231;NA;NA;NA;woz-231;Benzinestation;0;5.493607858;51.42648674
232;Bedrijf 232;Type A;494.1;Goederenwegvervoerbedrijven (zonder schoonmaken tanks) b.o. <= 1000 m;kvk-232;77299;Verhuur van overige consumentenartikelen n.e.g.;bag-232;woonfunctie;Bedrijf 232;Verhuur van overige consumentenartikelen (rest);77299;3;woz-232;Onbekend;0;5.4427631;51.4385047
233;Bedrijf 233;Type B;561;Restaurants, cafetarias, snackbars, ijssalons met eigen ijsbereiding, viskramen e.d.;kvk-233;56102;Cafetarias, lunchrooms, snackbars, eetkramen e.d.;bag-233;bijeenkomstfunctie;Bedrijf 233;Cafetarias, lunchrooms, snackbars, ijssalons, eetkramen e.d;56102;3;woz-233;Cafetaria/snackbar met woongedeelte;98;5.460098604;51.47791278
234;Bedrijf 234;Type B;146;Fokken en houden van varkens;kvk-234;1461;onbekend;bag-234;industriefunctie;Bedrijf 234;Fokken en houden van varkens;146;2;woz-234;Intensieve veehouderij met woonged vark;0;5.467396161;51.43892084
235;Bedrijf 235;Type B;149.3;Fokken en houden van overige dieren:- huisdieren;kvk-235;NA;NA;bag-235;woonfunctie;Bedrijf 235;Groothandel in overige consumentenartikelen (non-food) n.e.g;46499;3;woz-235;Onbekend;0;5.486652173;51.47179249
236;Bedrijf 236;Type A;34;liftinstallaties;kvk-236;NA;NA;bag-236;woonfunctie;Bedrijf 236;NA;NA;NA;woz-236;Onbekend;0;5.478497823;51.44015365
237;Bedrijf 237;Type A;NA;NA;kvk-237;NA;NA;bag-237;sportfunctie;Bedrijf 237;Sporthallen, sportzalen en gymzalen;93112;2;woz-237;Sporthal/sportzaal;0;5.522346017;51.44678079
238;Bedrijf 238;Type B;41, 42, 43.1;Bouwbedrijven algemeen: b.o. <= 2.000 m;kvk-238;7311;Reclamebureaus;bag-238;industriefunctie;Bedrijf 238;Vervaardiging van overig timmerwerk voor de bouw;16239;8;woz-238;Productie (fabriek);14370;5.486244308;51.47636713
239;Bedrijf 239;niet Wm;NA;NA;kvk-239;NA;NA;bag-239;woonfunctie;Bedrijf 239;NA;NA;NA;woz-239;Onbekend;0;5.445410097;51.4307448
240;Bedrijf 240;niet Wm;NA;NA;kvk-240;8553;Auto- en motorrijscholen;bag-240;winkelfunctie;Bedrijf 240;Auto- en motorrijscholen;8553;5;woz-240;Winkel;820;5.43446464;51.43359258
241;Bedrijf 241;Type A;47.A;Detailhandel voor zover n.e.g.;kvk-241;47811;Markthandel in aardappelen, groenten en fruit;bag-241;woonfunctie;Bedrijf 241;Markthandel in aardappelen, groenten en fruit;47811;1;woz-241;Productie (fabriek);238;5.493534034;51.47718753
242;Bedrijf 242;niet Wm;NA;NA;kvk-242;45201;Auto-onderdelenservicebedrijven;bag-242;industriefunctie;Bedrijf 242;Reparatie van elektrische apparatuur;3314;2;woz-242;Productie (fabriek) met woongedeelte;331;5.483067049;51.4357628
243;Bedrijf 243;Type A;63,69-71,73,74,77,78;Overige zakelijke dienstverlening: kantoren;kvk-243;7112;Ingenieurs en overig technisch ontwerp en advies;bag-243;industriefunctie;Bedrijf 243;Ingenieurs en overig technisch ontwerp en advies;7112;4;woz-243;opslag/distributie;1210;5.512693406;51.44472767
244;Bedrijf 244;niet Wm;NA;NA;kvk-244;NA;NA;bag-244;woonfunctie;Bedrijf 244;NA;NA;NA;woz-244;Onbekend;0;5.478476987;51.46131872
245;Bedrijf 245;Type B;561;Restaurants, cafetarias, snackbars, ijssalons met eigen ijsbereiding, viskramen e.d.;kvk-245;56101;Restaurants;bag-245;bijeenkomstfunctie;Bedrijf 245;Restaurants;56101;4;woz-245;Horeca in winkelpand;153;5.483224277;51.43683764
246;Bedrijf 246;Type A;NA;NA;kvk-246;4634;Groothandel in dranken (geen zuivel);bag-246;winkelfunctie;Bedrijf 246;Groothandel in dranken (geen zuivel);4634;2;woz-246;Winkel;160;5.475085912;51.43888124
247;Bedrijf 247;Type A;9101, 9102;Bibliotheken, musea, ateliers, e.d.;kvk-247;NA;NA;bag-247;industriefunctie, kantoorfunctie;Bedrijf 247;Overige binnensport en omnisport;93149;2;woz-247;opslag/distributie;331;5.499821809;51.4227987
248;Bedrijf 248;Type B;4778;Detailhandel in vuurwerk tot 10 ton verpakt;kvk-248;47641;Winkels in fietsen en bromfietsen;bag-248;winkelfunctie;Bedrijf 248;NA;NA;NA;woz-248;Winkel;265;5.472920898;51.44402355
249;Bedrijf 249;Type B;563.1;Cafés, bars;kvk-249;NA;NA;bag-249;bijeenkomstfunctie;Bedrijf 249;NA;NA;NA;woz-249;Cafe/bar/restaurant met woongedeelte;134;5.485725182;51.425191
250;Bedrijf 250;Type B;941, 942;Bedrijfs- en werknemersorganisaties (kantoren);kvk-250;88101;Thuiszorg;bag-250;kantoorfunctie;Bedrijf 250;Thuiszorg;88101;5;woz-250;Kantoor;2646;5.476806522;51.45152306
;;;;;;;;;;;;;;;;;;
